<?xml version="1.0" encoding="UTF-8" ?>
<results version="2">
    <cppcheck version="2.1" />
    <errors>
        <error id="uninitMemberVar" severity="warning" msg="Member variable &apos;Box::volume&apos; is not initialized in the constructor." verbose="Member variable &apos;Box::volume&apos; is not initialized in the constructor." cwe="398">
            <location file="box.cc" line="5" column="6" />
            <symbol>Box::volume</symbol>
        </error>
        <error id="uninitMemberVar" severity="warning" msg="Member variable &apos;Box::volume&apos; is not initialized in the constructor." verbose="Member variable &apos;Box::volume&apos; is not initialized in the constructor." cwe="398">
            <location file="box.cc" line="7" column="6" />
            <symbol>Box::volume</symbol>
        </error>
        <error id="uninitMemberVar" severity="warning" msg="Member variable &apos;Box::volume&apos; is not initialized in the constructor." verbose="Member variable &apos;Box::volume&apos; is not initialized in the constructor." cwe="398">
            <location file="box.cc" line="12" column="6" />
            <symbol>Box::volume</symbol>
        </error>
        <error id="syntaxError" severity="error" msg="Code &apos;classBox{&apos; is invalid C code. Use --std or --language to configure the language." verbose="Code &apos;classBox{&apos; is invalid C code. Use --std or --language to configure the language.">
            <location file="box.h" line="3" column="1" />
        </error>
        <error id="unusedFunction" severity="style" msg="The function &apos;display&apos; is never used." verbose="The function &apos;display&apos; is never used." cwe="561">
            <location file="box.cc" line="24" column="0" />
            <symbol>display</symbol>
        </error>
        <error id="missingIncludeSystem" severity="information" msg="Cppcheck cannot find all the include files (use --check-config for details)" verbose="Cppcheck cannot find all the include files. Cppcheck can check the code without the include files found. But the results will probably be more accurate if all the include files are found. Please check your project&apos;s include directories and add all of them as include directories for Cppcheck. To see what files Cppcheck cannot find use --check-config." />
    </errors>
</results>
