<?xml version="1.0" encoding="UTF-8" ?>
<results version="2">
    <cppcheck version="2.1" />
    <errors>
        <error id="noExplicitConstructor" severity="style" msg="Class &apos;Color&apos; has a constructor with 1 argument that is not explicit." verbose="Class &apos;Color&apos; has a constructor with 1 argument that is not explicit. Such constructors should in general be explicit for type safety reasons. Using the explicit keyword in the constructor means some mistakes when using the class can be avoided." cwe="398">
            <location file0="all.cc" file="all.h" line="10" column="13" />
            <symbol>Color</symbol>
        </error>
        <error id="noExplicitConstructor" severity="style" msg="Class &apos;Color&apos; has a constructor with 1 argument that is not explicit." verbose="Class &apos;Color&apos; has a constructor with 1 argument that is not explicit. Such constructors should in general be explicit for type safety reasons. Using the explicit keyword in the constructor means some mistakes when using the class can be avoided." cwe="398">
            <location file0="all.cc" file="all.h" line="11" column="13" />
            <symbol>Color</symbol>
        </error>
        <error id="syntaxError" severity="error" msg="Code &apos;classColor{&apos; is invalid C code. Use --std or --language to configure the language." verbose="Code &apos;classColor{&apos; is invalid C code. Use --std or --language to configure the language.">
            <location file="all.h" line="3" column="1" />
        </error>
        <error id="noExplicitConstructor" severity="style" msg="Class &apos;Color&apos; has a constructor with 1 argument that is not explicit." verbose="Class &apos;Color&apos; has a constructor with 1 argument that is not explicit. Such constructors should in general be explicit for type safety reasons. Using the explicit keyword in the constructor means some mistakes when using the class can be avoided." cwe="398">
            <location file0="main.cpp" file="all.h" line="10" column="13" />
            <symbol>Color</symbol>
        </error>
        <error id="noExplicitConstructor" severity="style" msg="Class &apos;Color&apos; has a constructor with 1 argument that is not explicit." verbose="Class &apos;Color&apos; has a constructor with 1 argument that is not explicit. Such constructors should in general be explicit for type safety reasons. Using the explicit keyword in the constructor means some mistakes when using the class can be avoided." cwe="398">
            <location file0="main.cpp" file="all.h" line="11" column="13" />
            <symbol>Color</symbol>
        </error>
        <error id="missingIncludeSystem" severity="information" msg="Cppcheck cannot find all the include files (use --check-config for details)" verbose="Cppcheck cannot find all the include files. Cppcheck can check the code without the include files found. But the results will probably be more accurate if all the include files are found. Please check your project&apos;s include directories and add all of them as include directories for Cppcheck. To see what files Cppcheck cannot find use --check-config." />
    </errors>
</results>
