<?xml version="1.0" encoding="UTF-8" ?>
<results version="2">
    <cppcheck version="2.1" />
    <errors>
        <error id="syntaxError" severity="error" msg="Code &apos;classAccountBase{&apos; is invalid C code. Use --std or --language to configure the language." verbose="Code &apos;classAccountBase{&apos; is invalid C code. Use --std or --language to configure the language.">
            <location file="Account.h" line="6" column="1" />
        </error>
        <error id="useInitializationList" severity="performance" msg="Variable &apos;m_accNumber&apos; is assigned in constructor body. Consider performing initialization in initialization list." verbose="When an object of a class is created, the constructors of all member variables are called consecutively in the order the variables are declared, even if you don&apos;t explicitly write them to the initialization list. You could avoid assigning &apos;m_accNumber&apos; a value by passing the value to the constructor in the initialization list." cwe="398">
            <location file="AccountBase.cc" line="12" column="2" />
            <symbol>m_accNumber</symbol>
        </error>
        <error id="useInitializationList" severity="performance" msg="Variable &apos;m_accName&apos; is assigned in constructor body. Consider performing initialization in initialization list." verbose="When an object of a class is created, the constructors of all member variables are called consecutively in the order the variables are declared, even if you don&apos;t explicitly write them to the initialization list. You could avoid assigning &apos;m_accName&apos; a value by passing the value to the constructor in the initialization list." cwe="398">
            <location file="AccountBase.cc" line="13" column="2" />
            <symbol>m_accName</symbol>
        </error>
        <error id="passedByValue" severity="performance" msg="Function parameter &apos;x&apos; should be passed by const reference." verbose="Parameter &apos;x&apos; is passed by value. It could be passed as a const reference which is usually faster and recommended in C++." cwe="398">
            <location file="AccountBase.cc" line="10" column="38" />
            <symbol>x</symbol>
        </error>
        <error id="passedByValue" severity="performance" msg="Function parameter &apos;y&apos; should be passed by const reference." verbose="Parameter &apos;y&apos; is passed by value. It could be passed as a const reference which is usually faster and recommended in C++." cwe="398">
            <location file="AccountBase.cc" line="10" column="53" />
            <symbol>y</symbol>
        </error>
        <error id="syntaxError" severity="error" msg="Code &apos;classAccountBase{&apos; is invalid C code. Use --std or --language to configure the language." verbose="Code &apos;classAccountBase{&apos; is invalid C code. Use --std or --language to configure the language.">
            <location file0="CreditAccount.h" file="Account.h" line="6" column="1" />
        </error>
        <error id="missingOverride" severity="style" msg="The function &apos;debit&apos; overrides a function in a base class but is not marked with a &apos;override&apos; specifier." verbose="The function &apos;debit&apos; overrides a function in a base class but is not marked with a &apos;override&apos; specifier.">
            <location file0="CreditBalance.cc" file="CreditAccount.h" line="12" column="8" info="Function in derived class" />
            <location file0="CreditBalance.cc" file="Account.h" line="16" column="16" info="Virtual function in base class" />
            <symbol>debit</symbol>
        </error>
        <error id="missingOverride" severity="style" msg="The function &apos;credit&apos; overrides a function in a base class but is not marked with a &apos;override&apos; specifier." verbose="The function &apos;credit&apos; overrides a function in a base class but is not marked with a &apos;override&apos; specifier.">
            <location file0="CreditBalance.cc" file="CreditAccount.h" line="13" column="8" info="Function in derived class" />
            <location file0="CreditBalance.cc" file="Account.h" line="17" column="16" info="Virtual function in base class" />
            <symbol>credit</symbol>
        </error>
        <error id="missingOverride" severity="style" msg="The function &apos;display&apos; overrides a function in a base class but is not marked with a &apos;override&apos; specifier." verbose="The function &apos;display&apos; overrides a function in a base class but is not marked with a &apos;override&apos; specifier.">
            <location file0="CreditBalance.cc" file="CreditAccount.h" line="14" column="8" info="Function in derived class" />
            <location file0="CreditBalance.cc" file="Account.h" line="18" column="16" info="Virtual function in base class" />
            <symbol>display</symbol>
        </error>
        <error id="passedByValue" severity="performance" msg="Function parameter &apos;x&apos; should be passed by const reference." verbose="Parameter &apos;x&apos; is passed by value. It could be passed as a const reference which is usually faster and recommended in C++." cwe="398">
            <location file="CreditBalance.cc" line="13" column="42" />
            <symbol>x</symbol>
        </error>
        <error id="passedByValue" severity="performance" msg="Function parameter &apos;y&apos; should be passed by const reference." verbose="Parameter &apos;y&apos; is passed by value. It could be passed as a const reference which is usually faster and recommended in C++." cwe="398">
            <location file="CreditBalance.cc" line="13" column="57" />
            <symbol>y</symbol>
        </error>
        <error id="missingOverride" severity="style" msg="The function &apos;debit&apos; overrides a function in a base class but is not marked with a &apos;override&apos; specifier." verbose="The function &apos;debit&apos; overrides a function in a base class but is not marked with a &apos;override&apos; specifier.">
            <location file0="SavingAccount.cc" file="SavingsAccount.h" line="13" column="8" info="Function in derived class" />
            <location file0="SavingAccount.cc" file="Account.h" line="16" column="16" info="Virtual function in base class" />
            <symbol>debit</symbol>
        </error>
        <error id="missingOverride" severity="style" msg="The function &apos;credit&apos; overrides a function in a base class but is not marked with a &apos;override&apos; specifier." verbose="The function &apos;credit&apos; overrides a function in a base class but is not marked with a &apos;override&apos; specifier.">
            <location file0="SavingAccount.cc" file="SavingsAccount.h" line="14" column="8" info="Function in derived class" />
            <location file0="SavingAccount.cc" file="Account.h" line="17" column="16" info="Virtual function in base class" />
            <symbol>credit</symbol>
        </error>
        <error id="missingOverride" severity="style" msg="The function &apos;display&apos; overrides a function in a base class but is not marked with a &apos;override&apos; specifier." verbose="The function &apos;display&apos; overrides a function in a base class but is not marked with a &apos;override&apos; specifier.">
            <location file0="SavingAccount.cc" file="SavingsAccount.h" line="15" column="8" info="Function in derived class" />
            <location file0="SavingAccount.cc" file="Account.h" line="18" column="16" info="Virtual function in base class" />
            <symbol>display</symbol>
        </error>
        <error id="passedByValue" severity="performance" msg="Function parameter &apos;x&apos; should be passed by const reference." verbose="Parameter &apos;x&apos; is passed by value. It could be passed as a const reference which is usually faster and recommended in C++." cwe="398">
            <location file="SavingAccount.cc" line="13" column="44" />
            <symbol>x</symbol>
        </error>
        <error id="passedByValue" severity="performance" msg="Function parameter &apos;y&apos; should be passed by const reference." verbose="Parameter &apos;y&apos; is passed by value. It could be passed as a const reference which is usually faster and recommended in C++." cwe="398">
            <location file="SavingAccount.cc" line="13" column="59" />
            <symbol>y</symbol>
        </error>
        <error id="syntaxError" severity="error" msg="Code &apos;classAccountBase{&apos; is invalid C code. Use --std or --language to configure the language." verbose="Code &apos;classAccountBase{&apos; is invalid C code. Use --std or --language to configure the language.">
            <location file0="SavingsAccount.h" file="Account.h" line="6" column="1" />
        </error>
        <error id="missingOverride" severity="style" msg="The function &apos;debit&apos; overrides a function in a base class but is not marked with a &apos;override&apos; specifier." verbose="The function &apos;debit&apos; overrides a function in a base class but is not marked with a &apos;override&apos; specifier.">
            <location file0="main.cpp" file="CreditAccount.h" line="12" column="8" info="Function in derived class" />
            <location file0="main.cpp" file="Account.h" line="16" column="16" info="Virtual function in base class" />
            <symbol>debit</symbol>
        </error>
        <error id="missingOverride" severity="style" msg="The function &apos;credit&apos; overrides a function in a base class but is not marked with a &apos;override&apos; specifier." verbose="The function &apos;credit&apos; overrides a function in a base class but is not marked with a &apos;override&apos; specifier.">
            <location file0="main.cpp" file="CreditAccount.h" line="13" column="8" info="Function in derived class" />
            <location file0="main.cpp" file="Account.h" line="17" column="16" info="Virtual function in base class" />
            <symbol>credit</symbol>
        </error>
        <error id="missingOverride" severity="style" msg="The function &apos;display&apos; overrides a function in a base class but is not marked with a &apos;override&apos; specifier." verbose="The function &apos;display&apos; overrides a function in a base class but is not marked with a &apos;override&apos; specifier.">
            <location file0="main.cpp" file="CreditAccount.h" line="14" column="8" info="Function in derived class" />
            <location file0="main.cpp" file="Account.h" line="18" column="16" info="Virtual function in base class" />
            <symbol>display</symbol>
        </error>
        <error id="missingOverride" severity="style" msg="The function &apos;debit&apos; overrides a function in a base class but is not marked with a &apos;override&apos; specifier." verbose="The function &apos;debit&apos; overrides a function in a base class but is not marked with a &apos;override&apos; specifier.">
            <location file0="main.cpp" file="SavingsAccount.h" line="13" column="8" info="Function in derived class" />
            <location file0="main.cpp" file="Account.h" line="16" column="16" info="Virtual function in base class" />
            <symbol>debit</symbol>
        </error>
        <error id="missingOverride" severity="style" msg="The function &apos;credit&apos; overrides a function in a base class but is not marked with a &apos;override&apos; specifier." verbose="The function &apos;credit&apos; overrides a function in a base class but is not marked with a &apos;override&apos; specifier.">
            <location file0="main.cpp" file="SavingsAccount.h" line="14" column="8" info="Function in derived class" />
            <location file0="main.cpp" file="Account.h" line="17" column="16" info="Virtual function in base class" />
            <symbol>credit</symbol>
        </error>
        <error id="missingOverride" severity="style" msg="The function &apos;display&apos; overrides a function in a base class but is not marked with a &apos;override&apos; specifier." verbose="The function &apos;display&apos; overrides a function in a base class but is not marked with a &apos;override&apos; specifier.">
            <location file0="main.cpp" file="SavingsAccount.h" line="15" column="8" info="Function in derived class" />
            <location file0="main.cpp" file="Account.h" line="18" column="16" info="Virtual function in base class" />
            <symbol>display</symbol>
        </error>
        <error id="unusedFunction" severity="style" msg="The function &apos;display&apos; is never used." verbose="The function &apos;display&apos; is never used." cwe="561">
            <location file="CreditBalance.cc" line="32" column="0" />
            <symbol>display</symbol>
        </error>
        <error id="missingIncludeSystem" severity="information" msg="Cppcheck cannot find all the include files (use --check-config for details)" verbose="Cppcheck cannot find all the include files. Cppcheck can check the code without the include files found. But the results will probably be more accurate if all the include files are found. Please check your project&apos;s include directories and add all of them as include directories for Cppcheck. To see what files Cppcheck cannot find use --check-config." />
    </errors>
</results>
